,dstat,bootmean,bootstd,Z,ABBA,BABA,nloci
0,-0.08697394789579159,-0.08779266083921826,0.03808004082249299,2.2839772756865875,142.375,169.5,16489
